{"mean_val_acc": [0.8212673267326732], "val_mAP": [88.2209615868656], "val_mF1Score": [83.35671800153041]}